_id,name,email,password,role,avatar,preferences,isActive,lastLogin,createdAt,updatedAt,__v
687a130a7205730e067941a0,Jane Smith,jane@example.com,$2a$12$LeBiVfUBSOuKzXWrdJ8/E.1LEF14nui3JKrBVzsbmhmJfpLYPTv46,user,,"{""newsletter"":true,""notifications"":true}",true,2025-07-18T09:25:30.037Z,2025-07-18T09:25:30.039Z,2025-07-18T09:25:30.039Z,
687a130a7205730e0679419e,Admin User,admin@pcbuilder.com,$2a$12$St04fexfs.QUqO64tT7KreWxIq0.mv9YsOg7GTGSB4Rih2vsUDkYG,admin,,"{""newsletter"":true,""notifications"":true}",true,2025-08-05T17:26:35.727Z,2025-07-18T09:25:30.039Z,2025-08-05T17:26:35.729Z,
687a130a7205730e0679419f,John Doe,john@example.com,$2a$12$svpJL/H8bvP91q1iA8tBku8VK7Qrpl7/AkhqhCMFWSINZhObMptJK,user,,"{""newsletter"":true,""notifications"":true}",true,2025-07-18T09:25:30.036Z,2025-07-18T09:25:30.039Z,2025-07-18T09:25:30.039Z,
687a13a4d2d83013536f1d5d,Alex Gaming,alex@gaming.com,$2a$12$ASPA3eY/.dYstj8PIUk1SOf4JdaOwkw/V18oE4.Fa2jvZi3Oe43Ai,user,,"{""newsletter"":true,""notifications"":true}",true,2025-07-18T09:28:04.525Z,2025-07-18T09:28:04.530Z,2025-07-18T09:28:04.530Z,
687a13a4d2d83013536f1d5f,Mike Tech,mike@tech.com,$2a$12$BCPbtBuKfJktBWMO1D/q4Ow5Kk0R43L3sm4Z.wbNF.mJzsgBsqQ9G,user,,"{""newsletter"":true,""notifications"":true}",true,2025-07-18T09:28:04.527Z,2025-07-18T09:28:04.531Z,2025-07-18T09:28:04.531Z,
687a13a4d2d83013536f1d60,Lisa Performance,lisa@performance.com,$2a$12$fia95Y6Cdgpt0UP86mnCX.ijZMz2pd/mwQk/ONEaPWeGUFdNQ9KVi,user,,"{""newsletter"":true,""notifications"":true}",true,2025-07-18T09:28:04.527Z,2025-07-18T09:28:04.531Z,2025-07-18T09:28:04.531Z,
687a13a4d2d83013536f1d62,Emma Workstation,emma@workstation.com,$2a$12$qaxSBQD7ZsQjYVIgMclST.LTzHyAFl6mHnv24ke.PD7VPijyOji0W,user,,"{""newsletter"":true,""notifications"":true}",true,2025-07-18T09:28:04.527Z,2025-07-18T09:28:04.531Z,2025-07-18T09:28:04.531Z,
687a13a4d2d83013536f1d63,David Enthusiast,david@enthusiast.com,$2a$12$/.SqbIVD27npscr5ZuwjgO1vpe6cvvzH6RZyMv3p3nVVqJEzYC9lG,user,,"{""newsletter"":true,""notifications"":true}",true,2025-07-18T09:28:04.527Z,2025-07-18T09:28:04.531Z,2025-07-18T09:28:04.531Z,
687a13a4d2d83013536f1d64,Rachel Streamer,rachel@streamer.com,$2a$12$WH8ubV9mtyAMefRPM9v74u9aGa8Hq85U3M.og7gaEw/NpLvGkafJC,user,,"{""newsletter"":true,""notifications"":true}",true,2025-07-18T09:28:04.527Z,2025-07-18T09:28:04.531Z,2025-07-18T09:28:04.531Z,
687a13a4d2d83013536f1d66,Amy Creator,amy@creator.com,$2a$12$xaJ0l2gxWeHAfshuEJx60eyB89.1ani1Quk6GyiAmJ9iMAcYTbFzu,user,,"{""newsletter"":true,""notifications"":true}",true,2025-07-18T09:28:04.528Z,2025-07-18T09:28:04.531Z,2025-07-18T09:28:04.531Z,
687a13a4d2d83013536f1d65,Tom Overclocker,tom@overclocker.com,$2a$12$tIjP.YVaU0jl1BcEJk3Z7.YZbRberw03G9ugz0DU7BswYTqCr7PVq,user,,"{""newsletter"":true,""notifications"":true}",true,2025-07-18T09:28:04.527Z,2025-07-18T09:28:04.531Z,2025-07-18T09:28:04.531Z,
687a13a4d2d83013536f1d5e,Sarah Builder,sarah@builder.com,$2a$12$R3C9wzoEvEEvjOHjibK6YeNukIH/YmhxCgeJq/fXvP06UhZqAqnF.,user,,"{""newsletter"":true,""notifications"":true}",true,2025-07-18T09:28:04.527Z,2025-07-18T09:28:04.531Z,2025-07-18T09:28:04.531Z,
687a13a4d2d83013536f1d61,Chris Budget,chris@budget.com,$2a$12$.6VmEvr6Way65EOlnvxIouHZ/8USY0RDv3pFkGMwT50G05g3knrOK,user,,"{""newsletter"":true,""notifications"":true}",true,2025-07-18T09:28:04.527Z,2025-07-18T09:28:04.531Z,2025-07-18T09:28:04.531Z,
687a22a59851e653bad4a360,Test User,user@test.com,$2a$12$lNxpJJUxRpT70FdRZVGZE.2F0CysdM1YADfYgc9hbjgego3w2.ZNu,user,,"{""newsletter"":true,""notifications"":true}",true,2025-07-18T10:32:05.096Z,2025-07-18T10:32:05.099Z,2025-07-18T10:32:05.099Z,
687a22a59851e653bad4a364,Admin User,admin@test.com,$2a$12$3SpL2X8dYFxuheGqpuMAZuIVIQ7oAbyt.YTE/g0DC6vsQP10mrv7O,admin,,"{""newsletter"":true,""notifications"":true}",true,2025-07-18T10:32:05.418Z,2025-07-18T10:32:05.418Z,2025-07-18T10:32:05.418Z,
687a24d46cd4712839147f6e,John Smith,john.smith@test.com,$2a$12$8TWqz.HsVRMmq/wh.gCoTeoufbnz3tmHo81z69oQ80h9ng8AV9MG2,user,,"{""newsletter"":true,""notifications"":true}",true,2025-07-18T10:43:05.183Z,2025-07-18T10:41:24.106Z,2025-07-18T10:43:05.188Z,
6888b2c6a5fbec48dfec8530,a b,a@b.com,$2a$12$wsmyO8.JdBYJwojieYAKp.bUeccp4EDCa8sD/Czg.LTcYVNjqcBs.,user,,"{""newsletter"":true,""notifications"":true}",true,2025-08-06T15:23:10.007Z,2025-07-29T11:38:46.812Z,2025-08-06T15:23:10.019Z,
6888b72f40371a49dff60d56,Test User,test@example.com,$2a$12$MNrKQoFViafabVgNfHQnnOvNGmDskNlo62APpaC/W2diUY5BlYRT.,user,,"{""newsletter"":true,""notifications"":true}",true,2025-07-29T11:57:42.580Z,2025-07-29T11:57:35.181Z,2025-07-29T11:57:42.581Z,
689236b22b82698237c32b6e,a c,a@c.com,$2a$12$aBl7uL1Nv4Pqia49krGOW.YFYPj4wB2ESq5b0610sD5zy8elHyvUW,user,,"{""newsletter"":true,""notifications"":true}",true,2025-08-05T16:55:06.155Z,2025-08-05T16:52:02.173Z,2025-08-05T16:55:06.169Z,
689378cce55f1aaac36c7a38,Postman User,postman@gmail.com,$2a$12$nj9.r.fl4q0XDndmmPPjt.vH/5Z86RgXGqjvaLbCJrESM24lxx9W.,user,,"{""newsletter"":true,""notifications"":true}",true,2025-08-06T15:58:19.869Z,2025-08-06T15:46:20.235Z,2025-08-06T15:58:19.869Z,